{"cameraMode":{"drawMode":0,"name":"Shaded","section":"Shading Mode"},"sceneLighting":true,"audioPlay":false,"sceneViewState":{"m_AlwaysRefresh":false,"showFog":true,"showSkybox":true,"showFlares":true,"showImageEffects":true,"showParticleSystems":true,"showVisualEffectGraphs":true,"m_FxEnabled":true},"in2DMode":false,"pivot":{"x":10.41098690032959,"y":1.0246384143829346,"z":-12.747644424438477},"rotation":{"x":-0.13337570428848267,"y":0.022889694198966028,"z":-0.0030813151970505716,"w":-0.9908016324043274},"size":12.12435531616211,"orthographic":false}