{"cameraMode":{"drawMode":0,"name":"Shaded","section":"Shading Mode"},"sceneLighting":true,"audioPlay":false,"sceneViewState":{"m_AlwaysRefresh":false,"showFog":true,"showSkybox":true,"showFlares":true,"showImageEffects":true,"showParticleSystems":true,"showVisualEffectGraphs":true,"m_FxEnabled":true},"in2DMode":false,"pivot":{"x":6.182401180267334,"y":0.38485145568847659,"z":-1.5976967811584473},"rotation":{"x":-0.06174152344465256,"y":0.030534137040376664,"z":-0.0018898368580266834,"w":-0.99762362241745},"size":12.973492622375489,"orthographic":false}